-- --------------------------------------------------------
-- 主机:                           127.0.0.1
-- 服务器版本:                        5.6.24 - MySQL Community Server (GPL)
-- 服务器操作系统:                      Win32
-- HeidiSQL 版本:                  8.2.0.4675
-- --------------------------------------------------------

/*!40101 SET @OLD_CHARACTER_SET_CLIENT=@@CHARACTER_SET_CLIENT */;
/*!40101 SET NAMES utf8 */;
/*!40014 SET @OLD_FOREIGN_KEY_CHECKS=@@FOREIGN_KEY_CHECKS, FOREIGN_KEY_CHECKS=0 */;
/*!40101 SET @OLD_SQL_MODE=@@SQL_MODE, SQL_MODE='NO_AUTO_VALUE_ON_ZERO' */;

-- 导出 demo 的数据库结构
CREATE DATABASE IF NOT EXISTS `demo` /*!40100 DEFAULT CHARACTER SET utf8 */;
USE `demo`;


DROP TABLE IF EXISTS QRTZ_FIRED_TRIGGERS;
DROP TABLE IF EXISTS QRTZ_PAUSED_TRIGGER_GRPS;
DROP TABLE IF EXISTS QRTZ_SCHEDULER_STATE;
DROP TABLE IF EXISTS QRTZ_LOCKS;
DROP TABLE IF EXISTS QRTZ_SIMPLE_TRIGGERS;
DROP TABLE IF EXISTS QRTZ_SIMPROP_TRIGGERS;
DROP TABLE IF EXISTS QRTZ_CRON_TRIGGERS;
DROP TABLE IF EXISTS QRTZ_BLOB_TRIGGERS;
DROP TABLE IF EXISTS QRTZ_TRIGGERS;
DROP TABLE IF EXISTS QRTZ_JOB_DETAILS;
DROP TABLE IF EXISTS QRTZ_CALENDARS;

CREATE TABLE QRTZ_JOB_DETAILS(
SCHED_NAME VARCHAR(120) NOT NULL,
JOB_NAME VARCHAR(200) NOT NULL,
JOB_GROUP VARCHAR(200) NOT NULL,
DESCRIPTION VARCHAR(250) NULL,
JOB_CLASS_NAME VARCHAR(250) NOT NULL,
IS_DURABLE BOOLEAN NOT NULL,
IS_NONCONCURRENT BOOLEAN NOT NULL,
IS_UPDATE_DATA BOOLEAN NOT NULL,
REQUESTS_RECOVERY BOOLEAN NOT NULL,
JOB_DATA BLOB NULL,
PRIMARY KEY (SCHED_NAME,JOB_NAME,JOB_GROUP))
ENGINE=InnoDB;

CREATE TABLE QRTZ_TRIGGERS (
SCHED_NAME VARCHAR(120) NOT NULL,
TRIGGER_NAME VARCHAR(200) NOT NULL,
TRIGGER_GROUP VARCHAR(200) NOT NULL,
JOB_NAME VARCHAR(200) NOT NULL,
JOB_GROUP VARCHAR(200) NOT NULL,
DESCRIPTION VARCHAR(250) NULL,
NEXT_FIRE_TIME BIGINT(19) NULL,
PREV_FIRE_TIME BIGINT(19) NULL,
PRIORITY INTEGER NULL,
TRIGGER_STATE VARCHAR(16) NOT NULL,
TRIGGER_TYPE VARCHAR(8) NOT NULL,
START_TIME BIGINT(19) NOT NULL,
END_TIME BIGINT(19) NULL,
CALENDAR_NAME VARCHAR(200) NULL,
MISFIRE_INSTR SMALLINT(2) NULL,
JOB_DATA BLOB NULL,
PRIMARY KEY (SCHED_NAME,TRIGGER_NAME,TRIGGER_GROUP),
FOREIGN KEY (SCHED_NAME,JOB_NAME,JOB_GROUP)
REFERENCES QRTZ_JOB_DETAILS(SCHED_NAME,JOB_NAME,JOB_GROUP))
ENGINE=InnoDB;

CREATE TABLE QRTZ_SIMPLE_TRIGGERS (
SCHED_NAME VARCHAR(120) NOT NULL,
TRIGGER_NAME VARCHAR(200) NOT NULL,
TRIGGER_GROUP VARCHAR(200) NOT NULL,
REPEAT_COUNT BIGINT(7) NOT NULL,
REPEAT_INTERVAL BIGINT(12) NOT NULL,
TIMES_TRIGGERED BIGINT(10) NOT NULL,
PRIMARY KEY (SCHED_NAME,TRIGGER_NAME,TRIGGER_GROUP),
FOREIGN KEY (SCHED_NAME,TRIGGER_NAME,TRIGGER_GROUP)
REFERENCES QRTZ_TRIGGERS(SCHED_NAME,TRIGGER_NAME,TRIGGER_GROUP))
ENGINE=InnoDB;

CREATE TABLE QRTZ_CRON_TRIGGERS (
SCHED_NAME VARCHAR(120) NOT NULL,
TRIGGER_NAME VARCHAR(200) NOT NULL,
TRIGGER_GROUP VARCHAR(200) NOT NULL,
CRON_EXPRESSION VARCHAR(120) NOT NULL,
TIME_ZONE_ID VARCHAR(80),
PRIMARY KEY (SCHED_NAME,TRIGGER_NAME,TRIGGER_GROUP),
FOREIGN KEY (SCHED_NAME,TRIGGER_NAME,TRIGGER_GROUP)
REFERENCES QRTZ_TRIGGERS(SCHED_NAME,TRIGGER_NAME,TRIGGER_GROUP))
ENGINE=InnoDB;

CREATE TABLE QRTZ_SIMPROP_TRIGGERS
  (
    SCHED_NAME VARCHAR(120) NOT NULL,
    TRIGGER_NAME VARCHAR(200) NOT NULL,
    TRIGGER_GROUP VARCHAR(200) NOT NULL,
    STR_PROP_1 VARCHAR(512) NULL,
    STR_PROP_2 VARCHAR(512) NULL,
    STR_PROP_3 VARCHAR(512) NULL,
    INT_PROP_1 INT NULL,
    INT_PROP_2 INT NULL,
    LONG_PROP_1 BIGINT NULL,
    LONG_PROP_2 BIGINT NULL,
    DEC_PROP_1 NUMERIC(13,4) NULL,
    DEC_PROP_2 NUMERIC(13,4) NULL,
    BOOL_PROP_1 BOOLEAN NULL,
    BOOL_PROP_2 BOOLEAN NULL,
    PRIMARY KEY (SCHED_NAME,TRIGGER_NAME,TRIGGER_GROUP),
    FOREIGN KEY (SCHED_NAME,TRIGGER_NAME,TRIGGER_GROUP)
    REFERENCES QRTZ_TRIGGERS(SCHED_NAME,TRIGGER_NAME,TRIGGER_GROUP))
ENGINE=InnoDB;

CREATE TABLE QRTZ_BLOB_TRIGGERS (
SCHED_NAME VARCHAR(120) NOT NULL,
TRIGGER_NAME VARCHAR(200) NOT NULL,
TRIGGER_GROUP VARCHAR(200) NOT NULL,
BLOB_DATA BLOB NULL,
PRIMARY KEY (SCHED_NAME,TRIGGER_NAME,TRIGGER_GROUP),
INDEX (SCHED_NAME,TRIGGER_NAME, TRIGGER_GROUP),
FOREIGN KEY (SCHED_NAME,TRIGGER_NAME,TRIGGER_GROUP)
REFERENCES QRTZ_TRIGGERS(SCHED_NAME,TRIGGER_NAME,TRIGGER_GROUP))
ENGINE=InnoDB;

CREATE TABLE QRTZ_CALENDARS (
SCHED_NAME VARCHAR(120) NOT NULL,
CALENDAR_NAME VARCHAR(200) NOT NULL,
CALENDAR BLOB NOT NULL,
PRIMARY KEY (SCHED_NAME,CALENDAR_NAME))
ENGINE=InnoDB;

CREATE TABLE QRTZ_PAUSED_TRIGGER_GRPS (
SCHED_NAME VARCHAR(120) NOT NULL,
TRIGGER_GROUP VARCHAR(200) NOT NULL,
PRIMARY KEY (SCHED_NAME,TRIGGER_GROUP))
ENGINE=InnoDB;

CREATE TABLE QRTZ_FIRED_TRIGGERS (
SCHED_NAME VARCHAR(120) NOT NULL,
ENTRY_ID VARCHAR(95) NOT NULL,
TRIGGER_NAME VARCHAR(200) NOT NULL,
TRIGGER_GROUP VARCHAR(200) NOT NULL,
INSTANCE_NAME VARCHAR(200) NOT NULL,
FIRED_TIME BIGINT(19) NOT NULL,
SCHED_TIME BIGINT(19) NOT NULL,
PRIORITY INTEGER NOT NULL,
STATE VARCHAR(16) NOT NULL,
JOB_NAME VARCHAR(200) NULL,
JOB_GROUP VARCHAR(200) NULL,
IS_NONCONCURRENT BOOLEAN NULL,
REQUESTS_RECOVERY BOOLEAN NULL,
PRIMARY KEY (SCHED_NAME,ENTRY_ID))
ENGINE=InnoDB;

CREATE TABLE QRTZ_SCHEDULER_STATE (
SCHED_NAME VARCHAR(120) NOT NULL,
INSTANCE_NAME VARCHAR(200) NOT NULL,
LAST_CHECKIN_TIME BIGINT(19) NOT NULL,
CHECKIN_INTERVAL BIGINT(19) NOT NULL,
PRIMARY KEY (SCHED_NAME,INSTANCE_NAME))
ENGINE=InnoDB;

CREATE TABLE QRTZ_LOCKS (
SCHED_NAME VARCHAR(120) NOT NULL,
LOCK_NAME VARCHAR(40) NOT NULL,
PRIMARY KEY (SCHED_NAME,LOCK_NAME))
ENGINE=InnoDB;

CREATE INDEX IDX_QRTZ_J_REQ_RECOVERY ON QRTZ_JOB_DETAILS(SCHED_NAME,REQUESTS_RECOVERY);
CREATE INDEX IDX_QRTZ_J_GRP ON QRTZ_JOB_DETAILS(SCHED_NAME,JOB_GROUP);

CREATE INDEX IDX_QRTZ_T_J ON QRTZ_TRIGGERS(SCHED_NAME,JOB_NAME,JOB_GROUP);
CREATE INDEX IDX_QRTZ_T_JG ON QRTZ_TRIGGERS(SCHED_NAME,JOB_GROUP);
CREATE INDEX IDX_QRTZ_T_C ON QRTZ_TRIGGERS(SCHED_NAME,CALENDAR_NAME);
CREATE INDEX IDX_QRTZ_T_G ON QRTZ_TRIGGERS(SCHED_NAME,TRIGGER_GROUP);
CREATE INDEX IDX_QRTZ_T_STATE ON QRTZ_TRIGGERS(SCHED_NAME,TRIGGER_STATE);
CREATE INDEX IDX_QRTZ_T_N_STATE ON QRTZ_TRIGGERS(SCHED_NAME,TRIGGER_NAME,TRIGGER_GROUP,TRIGGER_STATE);
CREATE INDEX IDX_QRTZ_T_N_G_STATE ON QRTZ_TRIGGERS(SCHED_NAME,TRIGGER_GROUP,TRIGGER_STATE);
CREATE INDEX IDX_QRTZ_T_NEXT_FIRE_TIME ON QRTZ_TRIGGERS(SCHED_NAME,NEXT_FIRE_TIME);
CREATE INDEX IDX_QRTZ_T_NFT_ST ON QRTZ_TRIGGERS(SCHED_NAME,TRIGGER_STATE,NEXT_FIRE_TIME);
CREATE INDEX IDX_QRTZ_T_NFT_MISFIRE ON QRTZ_TRIGGERS(SCHED_NAME,MISFIRE_INSTR,NEXT_FIRE_TIME);
CREATE INDEX IDX_QRTZ_T_NFT_ST_MISFIRE ON QRTZ_TRIGGERS(SCHED_NAME,MISFIRE_INSTR,NEXT_FIRE_TIME,TRIGGER_STATE);
CREATE INDEX IDX_QRTZ_T_NFT_ST_MISFIRE_GRP ON QRTZ_TRIGGERS(SCHED_NAME,MISFIRE_INSTR,NEXT_FIRE_TIME,TRIGGER_GROUP,TRIGGER_STATE);

CREATE INDEX IDX_QRTZ_FT_TRIG_INST_NAME ON QRTZ_FIRED_TRIGGERS(SCHED_NAME,INSTANCE_NAME);
CREATE INDEX IDX_QRTZ_FT_INST_JOB_REQ_RCVRY ON QRTZ_FIRED_TRIGGERS(SCHED_NAME,INSTANCE_NAME,REQUESTS_RECOVERY);
CREATE INDEX IDX_QRTZ_FT_J_G ON QRTZ_FIRED_TRIGGERS(SCHED_NAME,JOB_NAME,JOB_GROUP);
CREATE INDEX IDX_QRTZ_FT_JG ON QRTZ_FIRED_TRIGGERS(SCHED_NAME,JOB_GROUP);
CREATE INDEX IDX_QRTZ_FT_T_G ON QRTZ_FIRED_TRIGGERS(SCHED_NAME,TRIGGER_NAME,TRIGGER_GROUP);
CREATE INDEX IDX_QRTZ_FT_TG ON QRTZ_FIRED_TRIGGERS(SCHED_NAME,TRIGGER_GROUP);


-- 正在导出表  demo.qrtz_cron_triggers 的数据：~0 rows (大约)
/*!40000 ALTER TABLE `qrtz_cron_triggers` DISABLE KEYS */;
INSERT INTO `qrtz_cron_triggers` (`SCHED_NAME`, `TRIGGER_NAME`, `TRIGGER_GROUP`, `CRON_EXPRESSION`, `TIME_ZONE_ID`) VALUES
	('scheduler', '测试任务', '测试组', '0 */1 * * * ?', 'Asia/Shanghai');
/*!40000 ALTER TABLE `qrtz_cron_triggers` ENABLE KEYS */;

-- 正在导出表  demo.qrtz_fired_triggers 的数据：~0 rows (大约)
/*!40000 ALTER TABLE `qrtz_fired_triggers` DISABLE KEYS */;
/*!40000 ALTER TABLE `qrtz_fired_triggers` ENABLE KEYS */;

-- 正在导出表  demo.qrtz_job_details 的数据：~0 rows (大约)
/*!40000 ALTER TABLE `qrtz_job_details` DISABLE KEYS */;
INSERT INTO `qrtz_job_details` (`SCHED_NAME`, `JOB_NAME`, `JOB_GROUP`, `DESCRIPTION`, `JOB_CLASS_NAME`, `IS_DURABLE`, `IS_NONCONCURRENT`, `IS_UPDATE_DATA`, `REQUESTS_RECOVERY`, `JOB_DATA`) VALUES
	('scheduler', '测试任务', '测试组', NULL, 'com.yang.spinach.common.utils.ScheduledJob', 0, 0, 0, 0, _binary 0xACED0005737200156F72672E71756172747A2E4A6F62446174614D61709FB083E8BFA9B0CB020000787200266F72672E71756172747A2E7574696C732E537472696E674B65794469727479466C61674D61703FE8C3FBC55D280200015A0013616C6C6F77735472616E7369656E74446174617872001D6F72672E71756172747A2E7574696C732E4469727479466C61674D6170133F3F760A3F00025A000564697274794C00036D617074000F4C6A6176612F7574696C2F4D61703B787001737200116A6176612E7574696C2E486173684D61700507DAC13F603F000246000A6C6F6164466163746F724900097468726573686F6C6478703F4000000000000C7708000000100000000374000E7363686564756C65456E7469747973720037636F6D2E79616E672E7370696E6163682E62757373696E6573732E73797374656D2E656E746974792E5363686564756C65456E7469747900000000000000010200074C0009636C6173734E616D657400124C6A6176612F6C616E672F537472696E673B4C000E63726F6E45787072657373696F6E71007E00094C000B6465736372697074696F6E71007E00094C00086A6F6247726F757071007E00094C00076A6F624E616D6571007E00094C000A6D6574686F644E616D6571007E00094C000673746174757371007E0009787074003C636F6D2E79616E672E7370696E6163682E62757373696E6573732E73797374656D2E736572766963652E5363686564756C654A6F625365727669636574000D30202A2F31202A202A202A203F7400057364737373740009E6B58BE8AF95E7BB8474000CE6B58BE8AF95E4BBBBE58AA174000A7363686564755465737474000131740009636C6173734E616D6571007E000B74000A6D6574686F644E616D6571007E00107800);
/*!40000 ALTER TABLE `qrtz_job_details` ENABLE KEYS */;

-- 正在导出表  demo.qrtz_locks 的数据：~0 rows (大约)
/*!40000 ALTER TABLE `qrtz_locks` DISABLE KEYS */;
INSERT INTO `qrtz_locks` (`SCHED_NAME`, `LOCK_NAME`) VALUES
	('scheduler', 'STATE_ACCESS'),
	('scheduler', 'TRIGGER_ACCESS');
/*!40000 ALTER TABLE `qrtz_locks` ENABLE KEYS */;

-- 正在导出表  demo.qrtz_paused_trigger_grps 的数据：~0 rows (大约)
/*!40000 ALTER TABLE `qrtz_paused_trigger_grps` DISABLE KEYS */;
/*!40000 ALTER TABLE `qrtz_paused_trigger_grps` ENABLE KEYS */;

-- 正在导出表  demo.qrtz_scheduler_state 的数据：~1 rows (大约)
/*!40000 ALTER TABLE `qrtz_scheduler_state` DISABLE KEYS */;
INSERT INTO `qrtz_scheduler_state` (`SCHED_NAME`, `INSTANCE_NAME`, `LAST_CHECKIN_TIME`, `CHECKIN_INTERVAL`) VALUES
	('scheduler', 'LAPTOP-J356NHBJ1481773020626', 1481773680897, 20000);
/*!40000 ALTER TABLE `qrtz_scheduler_state` ENABLE KEYS */;

-- 正在导出表  demo.qrtz_simple_triggers 的数据：~0 rows (大约)
/*!40000 ALTER TABLE `qrtz_simple_triggers` DISABLE KEYS */;
/*!40000 ALTER TABLE `qrtz_simple_triggers` ENABLE KEYS */;

-- 正在导出表  demo.qrtz_simprop_triggers 的数据：~0 rows (大约)
/*!40000 ALTER TABLE `qrtz_simprop_triggers` DISABLE KEYS */;
/*!40000 ALTER TABLE `qrtz_simprop_triggers` ENABLE KEYS */;

-- 正在导出表  demo.qrtz_triggers 的数据：~0 rows (大约)
/*!40000 ALTER TABLE `qrtz_triggers` DISABLE KEYS */;
INSERT INTO `qrtz_triggers` (`SCHED_NAME`, `TRIGGER_NAME`, `TRIGGER_GROUP`, `JOB_NAME`, `JOB_GROUP`, `DESCRIPTION`, `NEXT_FIRE_TIME`, `PREV_FIRE_TIME`, `PRIORITY`, `TRIGGER_STATE`, `TRIGGER_TYPE`, `START_TIME`, `END_TIME`, `CALENDAR_NAME`, `MISFIRE_INSTR`, `JOB_DATA`) VALUES
	('scheduler', '测试任务', '测试组', '测试任务', '测试组', NULL, 1481773740000, 1481773680000, 5, 'WAITING', 'CRON', 1481773535000, 0, NULL, 0, _binary '');
/*!40000 ALTER TABLE `qrtz_triggers` ENABLE KEYS */;

-- 导出  表 demo.t_account 结构
DROP TABLE IF EXISTS `t_account`;
CREATE TABLE IF NOT EXISTS `t_account` (
  `id` mediumint(10) unsigned NOT NULL AUTO_INCREMENT,
  `username` varchar(50) NOT NULL,
  `nick_name` varchar(50) NOT NULL DEFAULT '' COMMENT '手机号码',
  `password` varchar(50) NOT NULL,
  `mobile` varchar(50) DEFAULT NULL COMMENT '手机号码',
  `email` varchar(50) DEFAULT NULL,
  `user_type` int(2) NOT NULL DEFAULT '0' COMMENT '用户类型 0:普通用户,1:会员用户,2:管理员用户',
  `login_time` timestamp NULL DEFAULT CURRENT_TIMESTAMP ON UPDATE CURRENT_TIMESTAMP,
  `disabled` int(2) NOT NULL DEFAULT '0' COMMENT '是否可用(0:可用 1:不可用)',
  PRIMARY KEY (`id`),
  UNIQUE KEY `username` (`username`)
) ENGINE=InnoDB AUTO_INCREMENT=18 DEFAULT CHARSET=utf8 COMMENT='用户表';

-- 正在导出表  demo.t_account 的数据：~15 rows (大约)
DELETE FROM `t_account`;
/*!40000 ALTER TABLE `t_account` DISABLE KEYS */;
INSERT INTO `t_account` (`id`, `username`, `nick_name`, `password`, `mobile`, `email`, `user_type`, `login_time`, `disabled`) VALUES
	(1, 'demo', '1231', 'e10adc3949ba59abbe56e057f20f883e', '13000000001', 'demo@demo.com', 2, '2016-09-26 16:30:02', 0),
	(2, 'user', 'user1', 'e10adc3949ba59abbe56e057f20f883e', '13000000000', '10001@qq.com', 2, '2015-11-10 15:13:08', 1),
	(3, 'test', 'test', 'e10adc3949ba59abbe56e057f20f883e', '13000000000', '111@qq.com', 0, '2016-09-26 16:52:05', 1),
	(5, 'test1', '1111', 'e10adc3949ba59abbe56e057f20f883e', '13000000001', '11@qq.com', 0, '2015-11-09 14:00:30', 0),
	(6, 'abcd', 'qwera', 'e10adc3949ba59abbe56e057f20f883e', '13000000001', 'qq@qq.com', 2, '2015-11-10 15:17:10', 1),
	(8, '11111123', '111111', 'e10adc3949ba59abbe56e057f20f883e', '13000000000', '1@1.com', 0, '2015-08-31 15:48:22', 0),
	(9, '12', '121', '123456', '13000000000', '1@2.cnn', 2, '2015-11-09 13:39:25', 0),
	(10, '123', '123', '123456', '13000000000', '1@2.3', 2, '2015-11-07 14:02:59', 1),
	(11, '1234', '12', '123456', '13000000033', '1@2.3', 2, '2015-11-07 14:03:03', 1),
	(12, '123456', '123', '123456', '13000000000', '1@2.3', 2, '2015-11-07 14:03:06', 1),
	(13, '12311', '12', '123456', '13000000033', '1@2.3', 2, '2015-11-07 14:03:12', 1),
	(14, '11', '11', 'e10adc3949ba59abbe56e057f20f883e', '13000000000', '1@1.1', 2, NULL, 0),
	(15, '12341', '21', 'e10adc3949ba59abbe56e057f20f883e', '13000000011', '1@1.1', 2, NULL, 0),
	(16, '123415', '21', 'e10adc3949ba59abbe56e057f20f883e', '13000000011', '1@1.1', 2, NULL, 0),
	(17, '11111111', 'qq', 'e10adc3949ba59abbe56e057f20f883e', '13000000000', '11@qq.c', 2, NULL, 0);
/*!40000 ALTER TABLE `t_account` ENABLE KEYS */;


-- 导出  表 demo.t_account_role 结构
DROP TABLE IF EXISTS `t_account_role`;
CREATE TABLE IF NOT EXISTS `t_account_role` (
  `id` int(11) NOT NULL AUTO_INCREMENT,
  `user_id` int(11) NOT NULL,
  `role_id` int(11) NOT NULL,
  PRIMARY KEY (`id`),
  KEY `FK_USER_ROL_REFERENCE_ROLE` (`role_id`) USING BTREE,
  KEY `FK_USER_ROL_REFERENCE_USERS` (`user_id`) USING BTREE
) ENGINE=InnoDB AUTO_INCREMENT=50 DEFAULT CHARSET=utf8 COMMENT='用户-角色关联表';

-- 正在导出表  demo.t_account_role 的数据：~6 rows (大约)
DELETE FROM `t_account_role`;
/*!40000 ALTER TABLE `t_account_role` DISABLE KEYS */;
INSERT INTO `t_account_role` (`id`, `user_id`, `role_id`) VALUES
	(40, 9, 5),
	(41, 9, 6),
	(45, 2, 1),
	(46, 6, 6),
	(48, 14, 4),
	(49, 1, 1);
/*!40000 ALTER TABLE `t_account_role` ENABLE KEYS */;


-- 导出  表 demo.t_dict 结构
DROP TABLE IF EXISTS `t_dict`;
CREATE TABLE IF NOT EXISTS `t_dict` (
  `id` int(11) NOT NULL AUTO_INCREMENT,
  `label` varchar(200) NOT NULL DEFAULT '' COMMENT '显示内容',
  `value` int(10) NOT NULL DEFAULT '0' COMMENT '值',
  `target_column` varchar(30) DEFAULT '' COMMENT '对应字段',
  `descrption` varchar(100) DEFAULT '' COMMENT '描述',
  `sort` int(11) DEFAULT '0' COMMENT '排序',
  `remark` varchar(100) DEFAULT '' COMMENT '备注',
  `disabled` int(2) NOT NULL DEFAULT '0' COMMENT '是否启用:0启用,1不启用',
  PRIMARY KEY (`id`),
  KEY `target_column` (`target_column`)
) ENGINE=InnoDB AUTO_INCREMENT=8 DEFAULT CHARSET=utf8 COMMENT='字典表';

-- 正在导出表  demo.t_dict 的数据：~7 rows (大约)
DELETE FROM `t_dict`;
/*!40000 ALTER TABLE `t_dict` DISABLE KEYS */;
INSERT INTO `t_dict` (`id`, `label`, `value`, `target_column`, `descrption`, `sort`, `remark`, `disabled`) VALUES
	(1, '普通用户', 0, 'user_type', '用户类型1', 1, 's', 0),
	(2, '会员用户', 1, 'user_type', '用户类型', 2, '11', 0),
	(3, '管理员用户', 2, 'user_type', '用户类型', 3, '', 0),
	(4, '启用', 0, 'disabled', '是否启用', 1, '', 0),
	(5, '禁用', 1, 'disabled', '是否启用', 2, '', 0),
	(6, '菜单', 0, 'resource_type', '菜单', 0, '', 0),
	(7, '按钮', 1, 'resource_type', '按钮', 0, '', 0);
/*!40000 ALTER TABLE `t_dict` ENABLE KEYS */;


-- 导出  表 demo.t_resources 结构
DROP TABLE IF EXISTS `t_resources`;
CREATE TABLE IF NOT EXISTS `t_resources` (
  `id` int(11) NOT NULL AUTO_INCREMENT,
  `pid` int(11) DEFAULT NULL COMMENT '父节点id',
  `name` varchar(50) NOT NULL COMMENT '名称',
  `type` int(2) DEFAULT '0' COMMENT '类型:0:菜单,1:按钮',
  `sort` int(11) DEFAULT NULL COMMENT '排序',
  `url` varchar(200) DEFAULT ' ',
  `permission` varchar(50) NOT NULL DEFAULT ' ' COMMENT '菜单编码',
  `icon` varchar(100) DEFAULT ' ',
  `disabled` tinyint(10) NOT NULL DEFAULT '0',
  `description` varchar(200) DEFAULT NULL,
  PRIMARY KEY (`id`)
) ENGINE=InnoDB AUTO_INCREMENT=38 DEFAULT CHARSET=utf8 COMMENT='资源表';

-- 正在导出表  demo.t_resources 的数据：~29 rows (大约)
DELETE FROM `t_resources`;
/*!40000 ALTER TABLE `t_resources` DISABLE KEYS */;
INSERT INTO `t_resources` (`id`, `pid`, `name`, `type`, `sort`, `url`, `permission`, `icon`, `disabled`, `description`) VALUES
	(1, 0, '系统管理', 0, 1, '', 'sys:manager', '&#xe62e;', 0, 'sdf'),
	(2, 1, '角色列表', 0, 3, '/role/list', 'sys:role:list', ' icon-user', 0, ''),
	(3, 1, '管理员列表', 0, 2, '/user/list', 'sys:user:list', 'icon-hamburg-user', 0, '1,'),
	(4, 2, '添加', 1, NULL, '', 'sys:role:add', '', 0, '角色添加1'),
	(5, 2, '删除', 1, NULL, '', 'sys:role:delete', '', 0, '角色删除'),
	(6, 2, '修改', 1, NULL, '', 'sys:role:update', '', 0, '角色修改'),
	(7, 3, '添加', 1, 1, '', 'sys:user:add', '', 0, '11,1'),
	(8, 3, '删除', 1, 1, '', 'sys:user:delete', '', 0, '用户删除,用户删除,用户删除,用户删除'),
	(10, 11, '数据源监控', 0, 6, '/monitoring', 'monitoring:data', 'icon-hamburg-database', 0, ''),
	(11, 0, '系统监控', 0, 6, '', 'monitoring:system', '&#xe61a;', 0, ''),
	(12, 3, '修改', 1, NULL, '', 'sys:user:update', '', 0, '用户修改'),
	(13, 24, '添加', 1, NULL, '', 'sys:perm:add', '', 0, '菜单添加'),
	(14, 24, '修改', 1, NULL, '', 'sys:perm:update', '', 0, '菜单修改'),
	(15, 24, '删除', 1, NULL, '', 'sys:perm:delete', '', 0, '菜单删除'),
	(16, 2, '查看', 1, NULL, '', 'sys:role:view', '', 0, '角色查看'),
	(17, 3, '查看', 1, NULL, '', 'sys:user:view', '', 0, '用户查看'),
	(19, 3, '查看用户角色', 1, NULL, '', 'sys:user:roleView', '', 0, '查看用户角色'),
	(22, 2, '查看角色权限', 1, NULL, '', 'sys:role:permView', '', 0, '查看角色拥有的权限'),
	(23, 11, '定时任务管理', 0, 9, '/scheduleJob/list', 'sys:scheduleJob:list', 'icon-hamburg-full-time', 0, '定时任务管理，支持集群'),
	(24, 1, '菜单管理', 0, 4, '/resources/list', 'sys:perm:manager', 'icon-hamburg-old-versions', 0, ''),
	(25, 1, '字典管理', 0, 6, '/dict/list', 'sys:dictionaries', 'icon-hamburg-address', 0, '数据字典管理'),
	(29, 25, '添加数据字典', 1, 2, '', 'sys:dict:add', '', 0, '添加数据字典'),
	(30, 25, '数据字典修改', 1, 3, '', 'sys:dict:update', '', 0, '数据字典修改'),
	(31, 23, '添加定时任务', 1, 1, ' ', 'sys:scheduleJob:add', ' ', 0, '添加定时任务'),
	(33, 0, '资讯管理', 0, 2, '', 'sys:article', '&#xe616;', 0, ''),
	(34, 0, '图片管理', 0, 3, '', 'sys:picture', '&#xe613;', 0, ''),
	(35, 0, '产品管理', 0, 4, '', 'sys:product', '&#xe620;', 0, ''),
	(36, 0, '评论管理', 0, 5, '', 'sys:feedback', '&#xe622;', 0, ''),
	(37, 0, 'aa', 0, 1, NULL, '11', NULL, 0, 'a,a');
/*!40000 ALTER TABLE `t_resources` ENABLE KEYS */;


-- 导出  表 demo.t_role 结构
DROP TABLE IF EXISTS `t_role`;
CREATE TABLE IF NOT EXISTS `t_role` (
  `id` int(11) NOT NULL AUTO_INCREMENT,
  `name` varchar(20) NOT NULL,
  `role_code` varchar(20) NOT NULL,
  `description` text,
  `sort` int(6) DEFAULT '99',
  `disabled` int(2) NOT NULL DEFAULT '0' COMMENT '是否启用:0启用,1弃用',
  PRIMARY KEY (`id`)
) ENGINE=InnoDB AUTO_INCREMENT=7 DEFAULT CHARSET=utf8 COMMENT='角色表';

-- 正在导出表  demo.t_role 的数据：~6 rows (大约)
DELETE FROM `t_role`;
/*!40000 ALTER TABLE `t_role` DISABLE KEYS */;
INSERT INTO `t_role` (`id`, `name`, `role_code`, `description`, `sort`, `disabled`) VALUES
	(1, '超级管理员', 'admin', 'admin', 2, 0),
	(2, '来宾账号', 'guest', 'guest', 3, 0),
	(3, 'ss', 'superadmin', '超级管理员', 1, 0),
	(4, 'test', 'test', '11', 4, 0),
	(5, 'sdfs', 'sss', 'sssss', 5, 0),
	(6, '1', '1', '1', 99, 0);
/*!40000 ALTER TABLE `t_role` ENABLE KEYS */;


-- 导出  表 demo.t_role_resources 结构
DROP TABLE IF EXISTS `t_role_resources`;
CREATE TABLE IF NOT EXISTS `t_role_resources` (
  `id` int(11) NOT NULL AUTO_INCREMENT,
  `role_id` int(11) DEFAULT NULL,
  `resources_id` int(11) DEFAULT NULL,
  PRIMARY KEY (`id`),
  KEY `FK_ROLE_PER_REFERENCE_PERMISSI` (`resources_id`) USING BTREE,
  KEY `FK_ROLE_PER_REFERENCE_ROLE` (`role_id`) USING BTREE
) ENGINE=InnoDB AUTO_INCREMENT=29 DEFAULT CHARSET=utf8 COMMENT='资源-角色关联表';

-- 正在导出表  demo.t_role_resources 的数据：~28 rows (大约)
DELETE FROM `t_role_resources`;
/*!40000 ALTER TABLE `t_role_resources` DISABLE KEYS */;
INSERT INTO `t_role_resources` (`id`, `role_id`, `resources_id`) VALUES
	(1, 1, 1),
	(2, 1, 3),
	(3, 1, 12),
	(4, 1, 17),
	(5, 1, 19),
	(6, 1, 7),
	(7, 1, 8),
	(8, 1, 2),
	(9, 1, 4),
	(10, 1, 5),
	(11, 1, 6),
	(12, 1, 16),
	(13, 1, 22),
	(14, 1, 24),
	(15, 1, 13),
	(16, 1, 14),
	(17, 1, 15),
	(18, 1, 25),
	(19, 1, 29),
	(20, 1, 30),
	(21, 1, 33),
	(22, 1, 34),
	(23, 1, 35),
	(24, 1, 36),
	(25, 1, 11),
	(26, 1, 10),
	(27, 1, 23),
	(28, 1, 31);
/*!40000 ALTER TABLE `t_role_resources` ENABLE KEYS */;
